Track_Name,Track Duration (ms),Popularity,Danceability,Energy,Loudness,Tempo,Acousticness,Speechiness,Instrumentalness,Liveness,Valence
Sweater Weather,240400,90,0.612,0.807,-2.81,124.053,0.0495,0.0336,0.0177,0.101,0.398
505,253586,79,0.52,0.852,-5.866,140.267,0.00237,0.0543,5.79e-05,0.0733,0.234
Dreams - 2004 Remaster,257800,84,0.828,0.492,-9.744,120.151,0.0644,0.0276,0.00428,0.128,0.789
Mr. Brightside,222973,85,0.352,0.911,-5.23,148.033,0.00121,0.0747,0.0,0.0995,0.236
Take Me to Church,241693,79,0.566,0.664,-5.303,128.945,0.634,0.0464,0.0,0.116,0.437
I Wanna Be Yours,183956,90,0.464,0.417,-9.345,67.528,0.136,0.0256,0.022,0.0974,0.479
Linger,274706,84,0.439,0.434,-14.918,94.843,0.0783,0.0265,5.18e-05,0.14,0.204
Rich Girl,142786,81,0.573,0.683,-6.644,169.519,0.461,0.176,0.0,0.0935,0.817
Cigarette Daydreams,208760,79,0.636,0.676,-3.442,113.98,0.0807,0.0263,0.0,0.0831,0.273
Evergreen,87000,84,0.555,0.216,-11.661,79.109,0.557,0.0721,0.00416,0.109,0.504
Creep,238640,86,0.515,0.43,-9.935,91.844,0.0097,0.0372,0.000133,0.129,0.104
Iris,289533,87,0.315,0.715,-8.072,155.925,0.00125,0.0362,7.97e-06,0.0942,0.497
Too Sweet,251424,78,0.741,0.62,-5.505,117.038,0.0295,0.0412,0.000809,0.0398,0.934
Riptide,204280,84,0.483,0.731,-6.696,101.654,0.436,0.0381,0.0,0.151,0.484
Brown Eyed Girl,183306,82,0.491,0.583,-10.964,150.566,0.185,0.0376,0.0,0.406,0.908
Don't Stop Believin' (2022 Remaster),249600,85,0.505,0.754,-7.435,119.204,0.132,0.0366,0.0,0.204,0.51
Work Song,229720,77,0.531,0.363,-7.672,121.412,0.749,0.0608,0.0,0.112,0.259
Numb,187520,87,0.488,0.87,-4.185,110.072,0.00353,0.0421,0.0,0.484,0.211
Too Sweet,251424,78,0.741,0.62,-5.505,117.038,0.0295,0.0412,0.000809,0.0398,0.934
Everlong,250546,81,0.413,0.881,-5.541,158.066,5.99e-05,0.0367,0.000308,0.0805,0.364
Everybody Wants To Rule The World,251488,85,0.645,0.795,-12.095,112.067,0.347,0.0527,0.00389,0.104,0.535
In the End,216880,87,0.556,0.864,-5.87,105.143,0.00958,0.0584,0.0,0.209,0.4
Pumped Up Kicks,239600,84,0.733,0.71,-5.849,127.975,0.145,0.0292,0.115,0.0956,0.965
Daddy Issues,260173,84,0.588,0.521,-9.461,85.012,0.0678,0.0329,0.149,0.123,0.337
Fortunate Son,140773,83,0.64,0.663,-7.516,132.77,0.201,0.0374,0.00806,0.152,0.663
Kiss Me,208680,83,0.526,0.749,-6.964,99.982,0.023,0.0283,1.76e-06,0.0692,0.421
The Middle,165853,80,0.643,0.849,-5.428,162.152,0.0371,0.0526,0.0,0.058,0.903
The Less I Know The Better,216320,83,0.64,0.74,-4.083,116.879,0.0115,0.0284,0.00678,0.167,0.785
The Emptiness Machine,190427,90,0.466,0.872,-3.344,184.115,0.0156,0.0336,0.0,0.121,0.806
Scar Tissue,215906,83,0.595,0.717,-4.803,88.969,0.0779,0.0295,0.00274,0.108,0.547
How You Remind Me,223840,83,0.446,0.764,-5.042,172.094,0.00135,0.033,0.0,0.099,0.543
Santeria,182746,77,0.682,0.765,-5.021,90.807,0.0268,0.0395,3.42e-05,0.188,0.567
Ain't No Rest for the Wicked,175493,76,0.636,0.849,-7.075,156.036,0.0438,0.106,0.0,0.372,0.917
You Get Me So High,153000,82,0.551,0.881,-6.099,88.036,0.186,0.0542,0.0791,0.152,0.387
One Last Breath,238240,79,0.386,0.677,-5.83,126.602,0.00841,0.0346,0.00366,0.341,0.195
misses,74378,80,0.578,0.509,-6.229,119.945,0.13,0.0279,0.734,0.344,0.586
One Step Closer,157333,83,0.492,0.969,-4.419,95.136,0.0014,0.0491,1.32e-06,0.0787,0.538
For the First Time,182306,80,0.551,0.529,-10.469,75.515,0.296,0.0517,0.0093,0.178,0.521
Chop Suey!,210240,83,0.417,0.934,-3.908,127.066,0.000278,0.119,0.0015,0.132,0.287
Shut Up and Dance,199080,84,0.578,0.866,-3.804,128.038,0.00701,0.0619,0.0,0.257,0.619
What He'll Never Have,153906,78,0.489,0.755,-4.471,113.05,0.0124,0.045,0.0,0.28,0.384
Heat Waves,238805,84,0.761,0.525,-6.9,80.87,0.44,0.0944,6.7e-06,0.0921,0.531
Faint,162106,84,0.554,0.98,-3.514,135.12,0.127,0.108,0.0,0.0833,0.611
Why'd You Only Call Me When You're High?,161123,84,0.691,0.631,-6.478,92.004,0.0483,0.0368,1.13e-05,0.104,0.8
Smells Like Teen Spirit,301920,76,0.502,0.912,-4.556,116.761,2.55e-05,0.0564,0.000173,0.106,0.72
Space Song,320466,76,0.508,0.792,-7.311,147.067,0.229,0.0297,0.124,0.145,0.601
Ophelia,160097,81,0.664,0.573,-6.519,76.023,0.613,0.0277,0.000363,0.0857,0.566
My Kind of Woman,190845,80,0.501,0.765,-7.063,91.771,0.00294,0.0281,0.49,0.184,0.46
Misery Business,211520,74,0.517,0.906,-3.677,172.977,0.00272,0.0735,9.26e-06,0.113,0.731
Treehouse,158801,80,0.612,0.196,-19.489,73.489,0.706,0.0359,0.319,0.111,0.142
Animal I Have Become,231400,77,0.553,0.853,-3.668,122.023,0.000684,0.0339,0.0,0.126,0.506
You Shook Me All Night Long,210173,83,0.532,0.767,-5.509,127.361,0.00287,0.0574,0.000513,0.39,0.755
Thunderstruck,292880,83,0.502,0.89,-5.175,133.52,0.000147,0.0364,0.0117,0.217,0.259
Softcore,206280,84,0.575,0.568,-5.509,93.986,0.0484,0.03,0.000417,0.286,0.37
Bad Moon Rising,141600,81,0.508,0.774,-5.973,178.946,0.0586,0.0321,4.87e-06,0.063,0.942
Maneater,273173,81,0.724,0.498,-13.083,88.825,0.0405,0.0423,8.56e-05,0.0761,0.823
Sex on Fire,203346,83,0.542,0.905,-5.653,153.398,0.00172,0.054,0.0104,0.136,0.374
Come As You Are,218920,76,0.5,0.824,-5.846,120.125,0.00016,0.0388,0.00161,0.0916,0.539
Highway to Hell,208400,84,0.574,0.913,-4.793,115.728,0.061,0.133,0.00158,0.156,0.423
Feel Good Inc.,222640,82,0.818,0.705,-6.679,138.559,0.00836,0.177,0.00233,0.613,0.772
Kryptonite,233933,78,0.545,0.865,-5.708,99.005,0.00664,0.0286,1.1e-05,0.168,0.543
Dragula,222826,78,0.59,0.963,-6.489,125.033,8.75e-05,0.0676,0.000105,0.0781,0.586
All The Small Things,167066,81,0.434,0.897,-4.918,148.708,0.0103,0.0488,0.0,0.612,0.685
Drops of Jupiter (Tell Me),259933,80,0.481,0.638,-5.862,79.064,0.153,0.0276,0.0,0.154,0.497
Sweet Dreams (Are Made of This) - 2005 Remaster,216933,83,0.692,0.711,-7.498,125.135,0.225,0.0317,0.0,0.12,0.875
(Don't Fear) The Reaper,308120,77,0.333,0.927,-8.55,141.466,0.0029,0.0733,0.000208,0.297,0.385
"Hey, Soul Sister",216773,83,0.673,0.886,-4.44,97.012,0.185,0.0431,0.0,0.0826,0.795
Have You Ever Seen The Rain,160133,84,0.741,0.697,-7.028,116.109,0.0664,0.0277,2.28e-05,0.133,0.774
Break Stuff,166706,80,0.432,0.884,-6.657,108.835,0.0128,0.128,0.000457,0.166,0.619
Seven Nation Army,232106,82,0.743,0.446,-7.807,123.596,0.0039,0.0683,0.118,0.337,0.278
Jessie's Girl,194120,73,0.727,0.834,-5.851,131.7,0.165,0.0496,0.0,0.105,0.816
Enter Sandman (Remastered),331560,74,0.566,0.834,-8.412,123.296,0.00277,0.0298,0.008,0.0625,0.621
Good Riddance (Time of Your Life),153466,81,0.475,0.432,-7.844,94.605,0.183,0.0302,0.0,0.161,0.648
Reflections,244013,83,0.648,0.594,-7.027,113.983,0.114,0.0293,0.0462,0.116,0.544
Here Comes The Sun - Remastered 2009,185733,82,0.557,0.54,-10.484,129.177,0.0339,0.0347,0.00248,0.179,0.394
"You're Gonna Go Far, Kid",177826,81,0.55,0.917,-3.159,126.115,0.00428,0.0638,0.0,0.197,0.601
Brain Stew,193000,77,0.559,0.543,-5.429,75.958,0.00133,0.302,2e-05,0.0577,0.337
I Hate Everything About You,231480,78,0.498,0.83,-5.157,89.342,0.00461,0.0421,0.0,0.139,0.453
Landslide,199493,78,0.414,0.161,-22.32,159.375,0.883,0.0318,0.000223,0.117,0.423
Don't Dream It's Over,236933,81,0.439,0.421,-17.227,81.833,0.0148,0.0411,4.88e-05,0.0697,0.551
Would That I,268293,74,0.521,0.526,-6.032,130.694,0.243,0.0281,0.00537,0.108,0.502
"Paint It, Black",202266,82,0.464,0.795,-9.267,158.691,0.0493,0.0926,0.00244,0.399,0.612
Zombie,306440,82,0.309,0.649,-8.994,166.915,0.0158,0.035,0.00591,0.367,0.312
Toxicity,218933,82,0.413,0.873,-4.151,116.68,0.000264,0.0536,0.00249,0.204,0.48
Electric Feel,229640,78,0.763,0.803,-3.713,103.04,0.0709,0.0351,0.285,0.348,0.561
Linger - SiriusXM Session,186000,78,0.404,0.393,-6.607,98.217,0.806,0.0262,0.000443,0.0938,0.403
Fishin' in the Dark,201600,72,0.745,0.347,-13.145,155.539,0.246,0.0418,0.0,0.0861,0.899
Africa,295893,84,0.671,0.373,-18.064,92.718,0.257,0.0323,8.01e-05,0.0481,0.732
Safe and Sound,192789,83,0.655,0.818,-4.852,117.956,0.000182,0.0319,0.00399,0.104,0.767
Do I Wanna Know?,272394,84,0.548,0.532,-7.596,85.03,0.186,0.0323,0.000263,0.217,0.405
Heavy Is the Crown,167012,87,0.571,0.928,-3.725,127.939,0.00932,0.0453,0.0,0.297,0.489
Still into You,216013,79,0.602,0.923,-3.763,136.01,0.0098,0.044,0.0,0.0561,0.765
Can't Stop,269000,82,0.618,0.938,-3.442,91.455,0.0179,0.0456,0.0,0.167,0.875
My Own Worst Enemy,169026,74,0.494,0.946,-2.757,103.408,0.00129,0.0637,0.0,0.398,0.741
Heathens,195920,82,0.732,0.396,-9.348,90.024,0.0841,0.0286,3.58e-05,0.105,0.548
Vienna,214240,79,0.532,0.495,-6.662,124.936,0.659,0.0343,0.0,0.0754,0.308
Sweet Child O' Mine,356066,84,0.445,0.952,-5.321,125.304,0.09,0.0522,0.0843,0.112,0.624
Every Breath You Take,253920,86,0.82,0.452,-9.796,117.401,0.543,0.0348,0.00294,0.0714,0.74
Chamber Of Reflection,231723,80,0.538,0.557,-8.678,131.03,0.262,0.0914,0.914,0.102,0.506
Heart-Shaped Box,281160,79,0.256,0.641,-10.283,203.006,0.199,0.0552,0.0329,0.0853,0.382
The Chain - 2004 Remaster,270213,80,0.545,0.67,-8.81,151.553,0.009,0.0496,0.000822,0.0451,0.481
Rumor,198440,74,0.655,0.56,-6.857,140.975,0.749,0.0486,0.0,0.115,0.599
Someone New,222813,74,0.443,0.533,-5.956,183.791,0.429,0.0473,3.66e-06,0.332,0.596
Bleed It Out,164426,81,0.541,0.969,-3.439,140.119,0.113,0.0458,0.0,0.638,0.599
Believer,204346,85,0.776,0.78,-4.374,124.949,0.0622,0.128,0.0,0.081,0.666
Hotel California - 2013 Remaster,391376,81,0.579,0.508,-9.484,147.125,0.00574,0.027,0.000494,0.0575,0.609
Drive,232453,77,0.645,0.792,-7.34,90.565,0.0562,0.036,0.0121,0.119,0.666
Almost (Sweet Music),217480,74,0.523,0.687,-5.601,90.036,0.0215,0.105,2.86e-06,0.203,0.711
Stressed Out,202333,83,0.734,0.637,-5.677,169.977,0.0462,0.141,2.29e-05,0.0602,0.648
Back In Black,255493,83,0.31,0.7,-5.678,188.386,0.011,0.047,0.00965,0.0828,0.763
Hold the Line,235546,83,0.473,0.898,-4.797,96.556,0.00783,0.0561,0.0618,0.173,0.808
Higher,316733,75,0.459,0.83,-6.254,155.827,5.15e-05,0.0364,0.00014,0.206,0.431
Thunder,187146,84,0.604,0.822,-4.833,167.997,0.00672,0.0438,0.134,0.147,0.288
Night Shift,172253,75,0.631,0.754,-3.564,95.992,0.0963,0.0284,0.0,0.268,0.729
Change (In the House of Flies),299533,77,0.269,0.853,-4.647,141.581,0.000249,0.0854,0.000246,0.118,0.179
Take Me Out,237026,80,0.277,0.663,-8.821,104.561,0.000409,0.0377,0.00051,0.136,0.527
Island In The Sun,200306,77,0.654,0.81,-6.26,114.622,0.00719,0.0288,0.00251,0.165,0.661
My Own Summer (Shove It),214760,77,0.443,0.781,-4.277,71.841,1.33e-05,0.0377,0.205,0.166,0.372
Livin' On A Prayer,249293,83,0.532,0.887,-3.757,122.509,0.0778,0.0335,0.000206,0.294,0.794
Uptown Girl,197706,80,0.701,0.944,-2.986,128.993,0.0755,0.0455,0.0,0.601,0.792
Under the Bridge,264306,80,0.559,0.345,-13.496,84.581,0.0576,0.0459,0.000105,0.141,0.458
Counting Stars,257265,85,0.663,0.706,-4.972,122.013,0.0654,0.0383,0.0,0.118,0.474
Psycho Killer - 2005 Remaster,261413,78,0.721,0.521,-8.123,123.118,0.0708,0.0613,0.00545,0.127,0.942
Basket Case,181533,80,0.442,0.943,-3.205,85.064,0.00293,0.0602,8.71e-06,0.091,0.781
Everybody Talks,177280,76,0.471,0.924,-3.906,154.962,0.00301,0.0584,0.0,0.313,0.716
Alien Blues,155933,78,0.467,0.757,-5.093,82.282,0.0807,0.033,0.908,0.0876,0.433
Freak On a Leash,255733,78,0.353,0.898,-5.877,103.299,2.23e-05,0.052,0.105,0.39,0.525
Teenagers,161920,79,0.463,0.857,-3.063,111.647,0.0506,0.0632,0.0,0.184,0.856
How to Save a Life,262533,80,0.64,0.743,-4.08,122.035,0.269,0.0379,0.0,0.101,0.361
What I Got,170906,74,0.804,0.696,-7.47,95.721,0.00877,0.0899,0.000985,0.314,0.657
Dog Days Are Over,251840,73,0.492,0.81,-5.315,149.954,0.0416,0.0847,0.00379,0.117,0.245
Real Love Baby,189293,77,0.417,0.686,-6.484,204.113,0.0955,0.0373,0.0287,0.0989,0.625
Don't Stop Me Now - Remastered 2011,209413,72,0.563,0.865,-5.277,156.271,0.0472,0.16,0.000191,0.77,0.601
Demons,175200,73,0.5,0.71,-3.015,89.929,0.19,0.0339,0.00025,0.329,0.419
Monster,178013,79,0.64,0.957,-2.336,134.992,0.0431,0.0741,0.0,0.0789,0.692
Borderline,237800,79,0.621,0.873,-3.067,97.96,0.0406,0.0369,9.1e-06,0.0824,0.873
Californication,329733,82,0.592,0.767,-2.788,96.483,0.0021,0.027,0.00165,0.127,0.328
Somebody Told Me,197200,79,0.497,0.97,-4.851,138.081,9.04e-05,0.0836,0.000674,0.101,0.689
Paralyzer,208106,74,0.644,0.939,-3.486,106.031,0.157,0.0456,0.0,0.233,0.861
Last Resort,199906,80,0.589,0.89,-3.719,90.586,0.000481,0.06,0.00082,0.201,0.687
Lovefool,193953,79,0.704,0.636,-6.029,111.845,0.0344,0.0252,0.0,0.35,0.89
"Sugar, We're Goin Down",229093,75,0.494,0.842,-4.784,162.011,0.00579,0.0843,0.0,0.122,0.574
Back to the Old House - 2011 Remaster,186626,78,0.626,0.488,-7.805,104.13,0.0102,0.0253,0.000188,0.141,0.404
More Than a Feeling,285133,77,0.377,0.681,-8.039,108.789,0.00088,0.0298,0.0023,0.0504,0.285
Dancing In the Dark,241306,82,0.527,0.942,-5.64,148.723,0.0115,0.0366,0.0,0.188,0.495
Out of My League,209386,72,0.545,0.968,-3.553,169.965,0.0387,0.0853,0.00325,0.331,0.527
Sarah,176146,72,0.65,0.686,-5.198,124.019,0.513,0.0314,0.000189,0.138,0.497
Chicken Fried,238146,75,0.566,0.713,-4.25,169.861,0.645,0.0418,0.0,0.114,0.805
King For A Day,236293,75,0.403,0.965,-2.238,112.363,3.81e-05,0.0964,0.000276,0.341,0.431
Black Hole Sun,318586,76,0.35,0.828,-5.373,105.435,0.000217,0.041,0.000161,0.0774,0.147
I'm Still Standing,183440,82,0.505,0.904,-6.863,176.811,0.355,0.179,0.118,0.14,0.773
Lonely Day,167906,79,0.47,0.796,-3.277,113.108,0.362,0.0336,1.1e-06,0.133,0.215
No Surprises,229120,81,0.255,0.393,-10.654,76.426,0.0577,0.0278,0.00361,0.113,0.118
Thnks fr th Mmrs,203506,77,0.46,0.892,-5.046,154.844,0.0051,0.0619,0.0,0.106,0.59
Everywhere - 2017 Remaster,226653,79,0.73,0.487,-10.991,114.965,0.258,0.0303,0.01,0.0852,0.731
Duality,252613,79,0.354,0.982,-3.026,143.772,0.000237,0.168,0.000294,0.204,0.194
Buddy Holly,159226,75,0.556,0.92,-4.606,121.138,0.00271,0.0367,0.00021,0.117,0.771
Listen to the Music,227266,76,0.645,0.598,-13.18,105.929,0.221,0.0334,3.53e-06,0.0721,0.913
Take It Easy - 2013 Remaster,211577,76,0.575,0.67,-10.39,139.191,0.343,0.0318,4.95e-06,0.129,0.74
The Red,238400,73,0.509,0.843,-3.318,140.055,0.000671,0.0488,0.000803,0.348,0.332
"Rocket Man (I Think It's Going To Be A Long, Long Time)",281613,79,0.601,0.532,-9.119,136.576,0.433,0.0286,5.95e-06,0.0925,0.342
Say It Ain't So - Original Mix,258826,74,0.634,0.551,-7.136,151.779,0.00737,0.0352,1.82e-05,0.07,0.453
Tongue Tied,218013,76,0.56,0.936,-5.835,112.96,0.00847,0.0439,0.0,0.161,0.371
There Is a Light That Never Goes Out - 2011 Remaster,244586,80,0.523,0.769,-5.855,136.162,0.04,0.0269,0.0,0.136,0.876
Savior,242280,77,0.554,0.932,-3.424,112.488,0.00154,0.0485,0.000139,0.425,0.478
Rhiannon,252773,75,0.723,0.49,-14.745,129.012,0.111,0.0296,0.0946,0.0923,0.795
Head Over Boots,202346,73,0.562,0.688,-4.474,108.017,0.0763,0.0263,0.0,0.0863,0.617
The Kids Aren't Alright,180160,81,0.523,0.943,-4.203,99.607,0.00704,0.0337,3.81e-05,0.0579,0.766
Aerials,235053,79,0.364,0.922,-4.217,79.342,0.000915,0.0567,0.0346,0.0697,0.227
Don't Bring Me Down,243373,76,0.638,0.867,-6.469,115.692,0.144,0.0331,0.000733,0.0846,0.805
Mary,197733,71,0.693,0.467,-9.558,105.955,0.0497,0.043,0.452,0.107,0.402
Sweet Home Alabama,283800,78,0.596,0.606,-12.145,97.785,0.181,0.0255,0.000327,0.0863,0.886
Play It Again,226866,73,0.506,0.886,-3.224,143.938,0.0955,0.0655,0.0,0.0734,0.595
Man in the Box,285200,74,0.355,0.791,-7.565,106.392,0.00045,0.0453,0.0,0.0969,0.758
Drive By,195973,79,0.765,0.837,-3.113,122.028,0.00107,0.032,1.06e-05,0.0801,0.721
Welcome To The Jungle,273480,80,0.454,0.987,-4.485,123.61,0.0195,0.0881,0.279,0.268,0.316
Like a Stone,293960,78,0.614,0.568,-5.477,107.849,0.00797,0.0276,0.0,0.0997,0.516
American Idiot,176346,79,0.38,0.988,-2.042,186.113,2.64e-05,0.0639,7.86e-05,0.368,0.769
Dirt On My Boots,201893,73,0.683,0.796,-4.179,90.031,0.112,0.0284,0.0,0.197,0.533
The Adults Are Talking,309053,78,0.593,0.749,-5.67,164.959,0.0113,0.0475,0.106,0.314,0.649
Broken Window Serenade,346333,71,0.548,0.539,-6.67,74.956,0.138,0.0247,1.83e-05,0.164,0.435
Paranoid - 2012 - Remaster,168405,71,0.412,0.658,-12.051,163.071,4.52e-05,0.0708,0.000774,0.176,0.454
Crawling,208960,80,0.58,0.702,-5.565,105.076,0.0466,0.0337,3.2e-06,0.536,0.299
Sextape,241533,75,0.367,0.634,-6.475,89.981,0.000824,0.027,0.0759,0.116,0.0964
Even Flow,292580,77,0.394,0.944,-6.506,105.338,0.00178,0.0761,4.54e-06,0.298,0.265
Dream On,267596,80,0.392,0.476,-7.583,78.031,0.397,0.0249,0.000163,0.309,0.234
Ride,214506,80,0.645,0.713,-5.355,74.989,0.00835,0.0393,0.0,0.113,0.566
Heartache On The Dance Floor,205200,72,0.596,0.833,-4.308,115.997,0.0563,0.0474,0.0,0.0866,0.618
The Kill,231533,77,0.179,0.912,-3.881,182.99,0.0014,0.0791,0.000294,0.582,0.289
Fake It,193893,73,0.611,0.95,-3.509,132.078,0.00141,0.0518,1.59e-06,0.0543,0.607
Should I Stay or Should I Go - Remastered,188986,80,0.743,0.836,-6.465,113.375,0.0804,0.116,0.0,0.384,0.82
Electric Love,218106,76,0.611,0.797,-7.627,120.041,0.00543,0.0533,0.00137,0.26,0.518
About A Girl,168428,78,0.413,0.875,-7.48,131.951,5.13e-06,0.031,0.00058,0.209,0.575
Centuries,228360,79,0.393,0.858,-2.868,176.042,0.00359,0.0729,0.0,0.102,0.56
Come a Little Closer,229346,72,0.44,0.778,-1.786,148.038,0.0265,0.0327,1.04e-06,0.151,0.304
For What It's Worth,153693,76,0.653,0.519,-10.164,98.883,0.406,0.0497,0.0209,0.101,0.822
"Dear Maria, Count Me In",182826,75,0.459,0.895,-3.126,181.04,0.00725,0.0805,0.0,0.206,0.572
Coming Undone,199773,75,0.687,0.677,-4.172,75.052,0.000643,0.0508,0.000137,0.0564,0.545
The Anthem,175093,75,0.494,0.939,-3.127,177.751,0.00666,0.126,0.0,0.139,0.893
Moonlight on the River,422613,75,0.662,0.478,-8.631,139.98,0.252,0.0451,0.833,0.216,0.43
When I Come Around,178000,76,0.531,0.909,-4.236,97.546,0.0175,0.034,0.0,0.231,0.814
Be My Baby,160906,79,0.512,0.771,-7.006,129.639,0.168,0.0402,0.0,0.0895,0.803
What's My Age Again?,148360,77,0.391,0.951,-7.419,157.663,0.012,0.0688,0.000446,0.0878,0.468
You Give Love A Bad Name,222706,81,0.541,0.959,-2.947,122.805,0.0663,0.0505,2.18e-06,0.344,0.812
Where'd All the Time Go?,234800,77,0.454,0.82,-4.193,166.303,0.132,0.0567,0.000969,0.115,0.575
Mary Jane's Last Dance,273600,72,0.464,0.654,-9.058,169.512,0.0276,0.0608,1.34e-06,0.328,0.53
Interstate Love Song - 2019 Remaster,194853,74,0.215,0.927,-7.327,170.814,0.000273,0.0452,0.00661,0.126,0.49
Semi-Charmed Life,268360,73,0.64,0.864,-6.576,102.026,0.00832,0.0314,0.0,0.123,0.701
Bones,165264,82,0.772,0.75,-3.67,114.061,0.0201,0.0455,0.0,0.074,0.587
Someday,183440,70,0.539,0.521,-7.46,106.035,0.00425,0.0299,0.0,0.367,0.679
Flowers In Your Hair,109735,73,0.67,0.609,-10.088,127.463,0.75,0.0333,6.74e-05,0.227,0.573
Summer Of '69,216053,80,0.509,0.834,-6.205,139.13,0.0183,0.0386,0.0,0.0732,0.774
Country Girl (Shake It For Me),225560,73,0.644,0.904,-4.532,105.969,0.0295,0.0464,0.0,0.0834,0.672
Velvet Ring - 2023 Remaster,155938,74,0.318,0.401,-11.944,138.528,0.436,0.0337,0.00564,0.151,0.277
Radioactive,186813,71,0.448,0.784,-3.686,136.239,0.0999,0.0625,0.000108,0.668,0.237
Mr. Jones,272293,77,0.578,0.817,-6.541,141.621,0.183,0.0363,2.85e-06,0.285,0.734
Running Up That Hill (A Deal With God),298933,79,0.629,0.545,-13.123,108.376,0.719,0.0546,0.00308,0.0604,0.194
Use Somebody,230760,77,0.276,0.715,-5.356,137.028,0.00552,0.0432,0.000417,0.201,0.173
What I've Done,205226,81,0.627,0.935,-4.882,120.092,0.0092,0.0324,0.0,0.147,0.287
Papercut,184866,79,0.524,0.939,-3.994,150.184,0.00022,0.113,0.0,0.623,0.661
Jackie and Wilson,223120,71,0.555,0.727,-4.202,82.142,0.0579,0.0388,7.52e-06,0.0937,0.739
The Joker,264503,73,0.596,0.448,-9.616,83.293,0.365,0.0396,5.3e-06,0.206,0.796
Kickstart My Heart,282653,76,0.363,0.982,-3.621,179.23,0.00123,0.3,0.00218,0.284,0.275
"Dance, Dance",180266,75,0.621,0.961,-3.198,114.451,0.00523,0.154,0.0,0.0854,0.449
Dreams,271560,78,0.551,0.645,-13.093,128.665,0.0031,0.0354,0.00376,0.421,0.508
Whatever It Takes,201240,81,0.672,0.655,-5.021,134.948,0.0362,0.031,0.0,0.117,0.555
Cherry Waves,317706,73,0.47,0.859,-3.663,124.01,0.000362,0.0537,0.00691,0.142,0.17
La Grange (2005 Remaster),230480,78,0.509,0.641,-9.936,161.74,0.00249,0.264,0.0304,0.196,0.612
Float On,208466,72,0.649,0.888,-4.807,100.975,0.013,0.0293,2.23e-06,0.0888,0.553
Dancing in the Moonlight,181133,71,0.657,0.435,-15.707,135.975,0.739,0.0552,0.0,0.167,0.771
Beast Of Burden - Remastered 1994,265173,74,0.784,0.879,-3.862,100.622,0.39,0.0308,0.000848,0.0426,0.893
Keep The Wolves Away,275520,72,0.683,0.351,-10.276,122.212,0.52,0.0318,0.000593,0.11,0.144
Them Bones (2022 Remaster),149466,73,0.16,0.954,-5.179,165.223,0.023,0.0685,4.01e-06,0.372,0.336
Oysters In My Pocket,162338,76,0.598,0.924,-4.974,168.017,0.0205,0.0623,0.799,0.17,0.611
Free Fallin',256000,75,0.623,0.449,-13.333,84.383,0.212,0.0253,0.0,0.0613,0.573
Killing In The Name,313573,78,0.466,0.833,-4.215,88.785,0.0266,0.304,0.0,0.0327,0.661
"December, 1963 (Oh What a Night!)",197146,75,0.737,0.495,-13.489,104.409,0.0588,0.027,9.12e-06,0.0542,0.967
Crazy Train,293183,75,0.454,0.913,-4.008,137.688,0.408,0.107,0.000271,0.248,0.521
Hey There Delilah,232533,76,0.658,0.291,-10.572,103.962,0.872,0.0292,0.0,0.114,0.295
California Dreamin' - Single Version,162373,78,0.552,0.608,-9.786,112.367,0.352,0.0345,0.0,0.0533,0.637
Gypsy,264906,74,0.622,0.54,-13.99,130.879,0.017,0.0261,0.00771,0.265,0.847
I Won't Back Down,178360,73,0.766,0.478,-13.487,114.02,0.0513,0.0329,2.49e-06,0.165,0.965
I Was Made For Lovin' You,271240,81,0.768,0.852,-6.215,128.373,0.214,0.038,7.36e-05,0.0723,0.867
Dirty Little Secret,193653,70,0.465,0.954,-4.251,143.85,0.000346,0.044,5.38e-06,0.573,0.458
Barracuda,261933,74,0.548,0.691,-13.553,137.145,0.015,0.0369,0.106,0.144,0.667
Somewhere I Belong,213933,71,0.451,0.951,-3.754,162.041,0.000386,0.0645,2.56e-06,0.261,0.441
All Star,200373,78,0.731,0.867,-5.881,104.02,0.0394,0.032,0.0,0.0861,0.776
Best Day Of My Life,194240,77,0.673,0.902,-2.392,100.012,0.0591,0.0346,0.000227,0.0558,0.536
Somewhere Only We Know,236160,73,0.453,0.655,-4.22,172.01,0.0794,0.0257,7.06e-06,0.0849,0.366
Mary On A Cross,244804,77,0.463,0.898,-4.462,129.987,0.000288,0.0467,0.000236,0.111,0.563
Die A Happy Man,227426,72,0.595,0.389,-9.245,166.049,0.418,0.0349,1.39e-06,0.116,0.4
"New Person, Same Old Mistakes",363240,76,0.47,0.809,-6.74,151.836,0.272,0.0495,0.00671,0.0491,0.49
Knockin' On Heaven's Door,149880,81,0.513,0.396,-13.061,140.208,0.251,0.0299,0.177,0.11,0.229
You Make It Easy,193226,70,0.542,0.571,-5.299,131.877,0.156,0.028,0.0,0.101,0.506
Down Under,222320,78,0.739,0.459,-14.42,107.115,0.129,0.0294,0.0194,0.0474,0.892
Chasing Cars,267960,79,0.561,0.595,-4.53,104.006,0.199,0.0274,6.47e-05,0.132,0.144
Go Your Own Way - 2004 Remaster,223613,77,0.583,0.947,-5.12,135.448,0.0185,0.0378,0.00109,0.0679,0.803
Lake Missoula,106250,73,0.446,0.247,-13.036,138.328,0.905,0.0287,0.233,0.111,0.245
I'm On Fire,155880,79,0.62,0.446,-14.451,88.591,0.589,0.0347,0.0299,0.0727,0.868
Your Heart Or Mine,161200,71,0.639,0.713,-4.368,86.1,0.0539,0.0337,0.0,0.102,0.717
Breakeven,261426,78,0.63,0.696,-4.501,94.034,0.144,0.0242,0.0,0.0835,0.491
Hall of Fame (feat. will.i.am),202533,69,0.421,0.873,-4.343,84.786,0.0654,0.0564,0.0,0.123,0.629
Old Time Rock & Roll,194146,74,0.714,0.937,-2.947,124.13,0.206,0.0399,0.0,0.0731,0.964
Way down We Go,213706,80,0.489,0.505,-8.022,163.255,0.579,0.117,0.000333,0.104,0.337
This Town's Been Too Good To Us,191626,72,0.696,0.555,-7.035,104.989,0.0603,0.0353,0.0,0.175,0.577
Don't You (Forget About Me),263040,74,0.66,0.816,-6.61,111.346,0.168,0.0299,0.0181,0.0608,0.678
Master of Puppets (Remastered),515386,70,0.539,0.828,-9.108,105.25,0.00067,0.035,0.421,0.154,0.562
On Melancholy Hill,233866,79,0.689,0.739,-5.81,120.423,1.51e-05,0.026,0.509,0.064,0.578
Reptilia,219826,76,0.489,0.649,-5.11,158.009,0.000603,0.0336,0.713,0.101,0.77
Kids,302840,77,0.451,0.931,-3.871,122.961,0.00076,0.0719,0.0049,0.361,0.172
Let It Happen,467586,77,0.602,0.881,-5.875,125.012,0.00462,0.0443,0.0266,0.111,0.577
Pompeii,214147,68,0.679,0.715,-6.383,127.435,0.0755,0.0407,0.0,0.271,0.571
Blackbird - Remastered 2009,138386,76,0.686,0.127,-14.361,93.699,0.754,0.0342,1.41e-05,0.0573,0.372
This Charming Man - 2011 Remaster,162920,77,0.611,0.846,-5.9,103.912,0.00509,0.0436,0.0,0.0784,0.751
Sweet Emotion,274088,72,0.379,0.76,-10.961,99.436,0.00298,0.0378,0.0296,0.104,0.491
Sharp Dressed Man (2008 Remaster),258026,75,0.601,0.859,-5.264,125.144,0.000359,0.0276,0.00124,0.0871,0.446
I Miss You,227240,75,0.655,0.781,-6.547,110.024,0.00103,0.034,5.33e-06,0.0867,0.584
No. 1 Party Anthem,243131,79,0.505,0.698,-5.563,115.013,0.33,0.0297,0.0887,0.0966,0.599
Gives You Hell,213106,69,0.718,0.691,-6.44,100.008,0.0159,0.0387,0.0,0.0627,0.552
In My Life - Remastered 2009,146333,76,0.688,0.435,-11.359,103.239,0.449,0.0323,0.0,0.113,0.435
Self Esteem,257826,76,0.488,0.862,-7.595,104.56,0.0204,0.0476,0.0,0.359,0.706
Mr. Blue Sky,303373,76,0.388,0.338,-10.054,177.765,0.652,0.0329,3.73e-06,0.248,0.478
Under Pressure - Remastered 2011,248440,70,0.671,0.711,-7.813,113.809,0.422,0.0478,0.0,0.104,0.466
Beggin',211560,82,0.714,0.8,-4.808,134.002,0.127,0.0504,0.0,0.359,0.589
No Rain,217106,73,0.389,0.476,-9.342,148.117,0.619,0.0316,5.09e-05,0.255,0.566
Eyes Without A Face,299240,77,0.54,0.816,-6.197,85.563,0.0177,0.0421,0.00226,0.276,0.658
Stubborn Love,279000,74,0.598,0.561,-11.676,115.011,0.611,0.0376,0.0417,0.196,0.231
Paradise City,405600,78,0.268,0.98,-5.959,100.316,0.019,0.101,0.00692,0.182,0.39
Welcome to the Black Parade,311106,76,0.217,0.905,-4.103,96.95,0.000289,0.0752,0.00011,0.222,0.236
Just What I Needed,225626,71,0.62,0.579,-9.307,127.215,0.0152,0.0473,6.4e-05,0.0858,0.691
Long Cool Woman (In a Black Dress) - 1999 Remaster,199200,75,0.757,0.868,-9.326,138.918,0.411,0.062,0.00221,0.355,0.815
Sit Next to Me,243146,72,0.638,0.738,-4.976,97.021,0.117,0.0292,0.000384,0.689,0.657
Burn It to the Ground,212346,74,0.617,0.922,-3.474,132.059,0.000247,0.0744,0.388,0.363,0.6
Crazy Little Thing Called Love - Remastered 2011,163373,70,0.599,0.762,-6.887,76.961,0.714,0.0423,4.43e-06,0.35,0.715
Tear in My Heart,188493,74,0.655,0.632,-4.802,120.113,0.0189,0.0489,0.0,0.0722,0.447
Wake Me Up Before You Go-Go,231333,79,0.62,0.573,-11.893,81.548,0.271,0.0423,0.0,0.0607,0.897
Up Around The Bend,159172,74,0.606,0.908,-5.736,130.12,0.00532,0.037,0.823,0.245,0.773
Spirit In The Sky - Deluxe Edition,242893,74,0.609,0.617,-7.091,128.903,0.0994,0.0307,0.00404,0.118,0.543
Nutshell,259200,72,0.384,0.561,-10.059,136.136,0.373,0.0296,0.253,0.0775,0.159
House Of The Rising Sun,271280,69,0.295,0.584,-6.696,117.2,0.000385,0.0345,0.218,0.0996,0.228
You're So Vain,258411,76,0.66,0.68,-8.18,106.187,0.153,0.0313,6.7e-06,0.0784,0.671
Dirt Road Anthem,229400,70,0.68,0.74,-5.064,127.024,0.342,0.0355,1.81e-06,0.117,0.644
She Had Me At Heads Carolina,206106,71,0.607,0.912,-3.449,134.944,0.124,0.0611,0.0,0.332,0.722
Piano Man,339000,76,0.331,0.55,-6.483,177.734,0.605,0.0272,3.96e-06,0.192,0.429
A Horse with No Name,252239,76,0.653,0.507,-17.18,123.188,0.687,0.0534,0.0147,0.155,0.831
Losing My Religion,268426,82,0.666,0.855,-5.051,125.639,0.179,0.0295,1.2e-06,0.0987,0.803
Wonderwall - Remastered,258773,78,0.375,0.893,-4.097,174.323,0.000509,0.0406,0.0,0.187,0.434
Living Dead Girl,201400,71,0.518,0.948,-5.579,103.025,0.00512,0.0676,0.0996,0.228,0.548
Boys Don't Cry - Single Version,157533,69,0.465,0.841,-5.767,168.743,0.00486,0.0633,0.0,0.109,0.689
I Ain't Worried,148485,78,0.713,0.792,-5.957,139.976,0.103,0.0467,0.00052,0.0698,0.81
Don't Go Breaking My Heart,275440,78,0.729,0.844,-8.824,131.459,0.149,0.0344,2.87e-06,0.0604,0.777
"Mrs. Robinson - From ""The Graduate"" Soundtrack",244026,78,0.606,0.457,-14.035,92.033,0.713,0.0497,2.53e-05,0.0747,0.813
People Are Strange,130173,77,0.699,0.467,-8.578,119.287,0.685,0.0375,0.0,0.315,0.764
R U Mine?,201726,79,0.288,0.758,-5.692,97.094,0.00616,0.0371,0.0,0.303,0.619
Your Song,241786,79,0.552,0.315,-11.028,128.187,0.828,0.0299,5.52e-06,0.101,0.324
About You,326490,81,0.416,0.762,-7.385,95.967,0.312,0.0279,0.804,0.0559,0.461
Simple Man,356626,72,0.422,0.752,-8.682,120.47,0.0366,0.0449,0.000119,0.129,0.404
Little Talks,266600,77,0.457,0.757,-5.177,102.961,0.0206,0.032,0.0,0.146,0.417
Free Bird,547106,75,0.249,0.834,-8.21,118.222,0.0742,0.0574,9.69e-05,0.0924,0.337
That's My Kind Of Night,190186,70,0.662,0.749,-2.891,109.995,0.0597,0.048,0.0,0.105,0.895
It's Still Rock and Roll to Me,176440,71,0.752,0.684,-7.599,141.075,0.0994,0.15,0.0,0.0897,0.539
T.N.T.,214666,78,0.754,0.759,-5.218,126.366,0.153,0.302,0.000108,0.101,0.435
Total Eclipse of the Heart,267360,79,0.431,0.723,-5.887,130.141,0.145,0.0568,0.0,0.374,0.19
Friday I'm in Love,214400,69,0.526,0.762,-12.437,136.203,0.000972,0.0342,0.000116,0.338,0.505
For Whom The Bell Tolls (Remastered),309973,69,0.512,0.86,-6.145,117.909,0.00631,0.0703,0.00528,0.0652,0.258
When You Were Young,220426,75,0.467,0.988,-3.313,130.433,0.000152,0.112,0.0484,0.28,0.321
When I'm Gone,260333,71,0.53,0.768,-5.611,148.095,0.00385,0.0284,0.0,0.103,0.374
Knee Deep (feat. Jimmy Buffett),203173,70,0.715,0.584,-8.231,90.99,0.432,0.0296,1.41e-06,0.095,0.609
Fluorescent Adolescent,173493,69,0.646,0.813,-5.29,112.115,0.00178,0.0288,2.26e-05,0.144,0.821
Black Creek,212453,71,0.537,0.365,-12.303,80.597,0.563,0.0331,0.0388,0.119,0.441
Cleopatra,201413,72,0.536,0.775,-6.765,151.397,0.228,0.0394,0.000142,0.0947,0.485
Maps,219986,74,0.502,0.941,-5.194,119.783,0.000346,0.0716,0.319,0.553,0.124
Girls Just Want to Have Fun,238266,80,0.71,0.799,-4.897,120.372,0.22,0.0328,0.000602,0.349,0.725
Helena,204733,76,0.356,0.96,-3.487,125.921,0.0142,0.104,0.0,0.209,0.0857
From Eden,283466,69,0.399,0.673,-5.506,142.255,0.584,0.0509,2.44e-05,0.118,0.285
Freaking Out the Neighborhood,173888,74,0.565,0.832,-5.751,143.303,0.0638,0.108,0.0288,0.386,0.847
Rollin' (Air Raid Vehicle),213760,77,0.603,0.933,-3.358,96.311,0.00591,0.171,0.0,0.206,0.709
All I Wanted,225786,71,0.494,0.723,-4.559,144.036,0.0192,0.0441,0.0322,0.134,0.152
Clint Eastwood,340920,69,0.663,0.694,-8.627,167.953,0.0253,0.171,0.0,0.0698,0.525
Bullet With Butterfly Wings - Remastered 2012,258466,73,0.404,0.72,-9.18,121.864,5.59e-05,0.0623,0.836,0.0466,0.475
I Ain't Worried,148485,80,0.704,0.797,-5.927,139.994,0.0826,0.0475,0.000745,0.0546,0.825
Down with the Sickness,279213,75,0.695,0.876,-4.262,89.954,0.000996,0.0553,6.89e-06,0.106,0.941
Over My Head (Cable Car),236266,72,0.592,0.729,-4.156,116.03,0.022,0.0448,0.0,0.0653,0.709
Otherside,255373,78,0.458,0.795,-3.265,123.229,0.00316,0.0574,0.000202,0.0756,0.513
Bohemian Rhapsody - Remastered 2011,354320,69,0.391,0.402,-9.961,143.879,0.289,0.0539,0.0,0.243,0.228
Dumb,151893,74,0.697,0.395,-13.58,113.589,0.428,0.0281,0.653,0.173,0.876
Good Times Go By Too Fast,169573,72,0.66,0.706,-5.219,114.991,0.092,0.0291,0.0,0.129,0.453
Into the Mystic - 2013 Remaster,205613,72,0.608,0.524,-10.266,86.204,0.367,0.0309,0.00254,0.115,0.797
Would? (2022 Remaster),206773,73,0.297,0.842,-7.457,100.127,0.000286,0.0488,9.1e-06,0.0848,0.586
Howlin' for You,191800,69,0.705,0.735,-6.646,132.627,0.028,0.0931,0.0783,0.112,0.448
16 Mirrors,87093,68,0.564,0.3,-7.349,121.888,0.638,0.0887,0.0022,0.101,0.0487
Carry on Wayward Son,323000,74,0.482,0.786,-5.735,126.755,0.00321,0.032,8.88e-05,0.446,0.793
We Will Rock You - Remastered 2011,122066,69,0.693,0.497,-7.316,81.308,0.679,0.119,0.0,0.258,0.473
Body Like A Back Road,162546,71,0.736,0.458,-7.437,98.977,0.441,0.0316,0.0,0.148,0.65
Tiny Dancer,377093,75,0.414,0.428,-11.097,145.075,0.382,0.0278,0.000243,0.148,0.282
I'm Not Okay (I Promise),186480,74,0.21,0.94,-3.427,179.722,0.00602,0.123,0.0,0.269,0.255
Panama - 2015 Remaster,210226,73,0.526,0.978,-5.436,141.167,0.00122,0.108,4.75e-05,0.0744,0.451
Ventura Highway,211680,71,0.611,0.761,-5.929,130.705,0.104,0.0283,0.0002,0.122,0.838
Can't Help Falling in Love,182360,79,0.396,0.293,-14.062,100.307,0.941,0.0275,0.000196,0.105,0.343
"Please, Please, Please, Let Me Get What I Want - 2011 Remaster",112706,76,0.241,0.468,-9.579,91.581,0.534,0.0272,0.0,0.161,0.451
Never Going Back Again - 2004 Remaster,134400,72,0.654,0.336,-12.825,176.083,0.858,0.0379,0.385,0.0786,0.947
I WANNA BE YOUR SLAVE,173346,81,0.75,0.608,-4.008,132.507,0.00165,0.0387,0.0,0.178,0.958
Sweet Caroline,203573,76,0.529,0.127,-16.066,63.05,0.614,0.0274,0.000133,0.237,0.579
Teenage Dirtbag,241666,76,0.625,0.85,-3.904,94.661,0.346,0.0495,0.000233,0.174,0.633
Supermassive Black Hole,212439,77,0.668,0.921,-3.727,120.0,0.0492,0.0439,0.00517,0.0877,0.782
Vampire Empire,192127,73,0.636,0.572,-7.797,131.272,0.287,0.0913,0.0,0.0878,0.66
Memory Lane,172480,70,0.647,0.774,-5.136,118.968,0.0185,0.0362,1.47e-05,0.0849,0.376
"Take Me Home, Country Roads - Original Version",190160,75,0.462,0.395,-9.376,82.259,0.758,0.0264,0.0,0.121,0.625
Lithium,257053,69,0.678,0.656,-6.41,123.207,0.00174,0.0381,0.0,0.0631,0.485
One Of Them Girls,188893,71,0.643,0.79,-6.079,95.981,0.29,0.0461,0.0,0.107,0.808
In Too Deep,207093,75,0.569,0.843,-5.875,116.045,0.000189,0.0503,0.0,0.0607,0.76
The Reason,232800,79,0.474,0.671,-4.649,82.94,0.0129,0.0289,0.0,0.159,0.0682
"Bad, Bad Leroy Brown",179466,70,0.698,0.675,-10.742,148.063,0.709,0.04,0.0,0.0782,0.853
Little Dark Age,299960,76,0.705,0.712,-6.156,97.512,0.0102,0.0385,0.000855,0.1,0.62
Roxanne,191946,77,0.618,0.748,-8.905,134.114,0.0384,0.358,4.1e-06,0.0473,0.663
One (Remastered),446145,69,0.438,0.687,-9.15,103.01,0.000668,0.0619,0.0801,0.42,0.426
I Want to Know What Love Is - 1999 Remaster,304786,81,0.477,0.471,-10.036,81.204,0.193,0.0277,1.76e-06,0.131,0.423
Throne,191520,77,0.426,0.888,-3.72,144.111,0.000455,0.0987,0.0,0.306,0.387
Karma Police,264066,76,0.36,0.501,-9.129,74.807,0.0638,0.0258,9.32e-05,0.172,0.324
Natural,189466,79,0.704,0.611,-6.112,99.994,0.217,0.041,0.0,0.0812,0.22
Song of the South,190800,70,0.486,0.633,-8.414,162.158,0.176,0.0365,0.0,0.312,0.669
Dani California,282160,76,0.556,0.913,-2.36,96.184,0.0193,0.0437,8.59e-06,0.346,0.73
Here Without You,238733,75,0.557,0.533,-6.817,143.994,0.0492,0.0252,0.0,0.205,0.233
Wish You Were Here,212733,72,0.246,0.768,-7.48,169.873,0.000631,0.0387,0.301,0.102,0.35
Given Up,189293,78,0.655,0.886,-4.116,100.088,0.00113,0.0435,0.000409,0.0448,0.938
Song 2 - 2012 Remaster,121160,78,0.674,0.789,-6.903,129.802,0.00178,0.0676,0.00708,0.0753,0.918
Goo Goo Muck,186038,74,0.583,0.767,-11.38,141.683,0.288,0.0296,0.0789,0.0606,0.736
Animal,212293,68,0.482,0.833,-5.611,148.039,0.000346,0.0449,0.0,0.365,0.74
Walking On A Dream,198440,67,0.87,0.699,-5.541,126.967,0.245,0.0459,6.76e-06,0.0588,0.727
A Match Into Water,212546,71,0.371,0.979,-2.701,196.058,0.0002,0.144,3.67e-06,0.516,0.473
Green River,154120,74,0.702,0.772,-9.677,141.694,0.0312,0.0277,0.00837,0.0809,0.973
She's Country,220573,70,0.553,0.872,-2.832,172.139,0.196,0.0781,0.0,0.0659,0.638
Starman - 2012 Remaster,254293,78,0.486,0.449,-10.298,100.456,0.166,0.0267,2.23e-06,0.54,0.549
Push,238666,72,0.42,0.672,-7.902,168.019,0.0067,0.027,0.0,0.108,0.476
Time to Pretend,261000,74,0.438,0.94,-3.249,100.99,8.74e-05,0.0452,0.0777,0.3,0.421
Fourth of July,279316,77,0.435,0.104,-22.39,120.484,0.973,0.0445,0.33,0.119,0.162
Eventually,318591,73,0.424,0.615,-6.217,77.935,0.0158,0.0325,0.000389,0.0844,0.155
Step On Me,230185,73,0.331,0.471,-5.631,90.057,0.00644,0.0299,0.0,0.0653,0.142
My Hero,260026,73,0.398,0.927,-4.212,77.106,6.2e-05,0.0567,0.000177,0.0575,0.311
Gimme Shelter,270773,74,0.634,0.63,-8.277,118.628,0.447,0.031,0.039,0.17,0.489
First Date,171533,74,0.579,0.928,-4.344,95.594,0.000715,0.0411,0.0,0.18,0.882
Time in a Bottle,148586,75,0.533,0.157,-16.838,134.019,0.888,0.0374,0.0,0.108,0.587
Easy,256426,75,0.591,0.387,-15.077,132.921,0.111,0.0334,3.23e-05,0.0596,0.358
Rosemary,413346,72,0.285,0.613,-6.412,126.628,0.0185,0.0421,0.1,0.114,0.0772
Bitter Sweet Symphony - Remastered 2016,357266,79,0.356,0.917,-6.006,171.176,0.0335,0.0479,0.0,0.406,0.518
The Gold - Phoebe Bridgers Version,233226,72,0.299,0.399,-12.176,158.253,0.816,0.0376,0.00117,0.147,0.302
Stacy's Mom,197986,72,0.774,0.75,-4.927,118.015,0.00207,0.0412,1.78e-05,0.0808,0.927
Time After Time,241333,78,0.726,0.449,-9.206,130.388,0.487,0.0286,1.34e-06,0.0824,0.294
Last Nite,193373,67,0.624,0.899,-5.709,104.061,0.0221,0.0296,0.000137,0.0975,0.79
Midnight Rider,180066,69,0.585,0.532,-9.673,94.461,0.209,0.0268,0.00797,0.227,0.68
With Arms Wide Open,274800,71,0.41,0.539,-8.412,138.852,0.00425,0.0302,0.00089,0.117,0.141
Just A Girl,209200,73,0.638,0.906,-4.824,107.991,0.0662,0.0504,6.88e-05,0.142,0.767
I Love Rock 'N Roll,175173,77,0.535,0.716,-5.025,94.379,0.326,0.0431,0.0,0.659,0.901
No Other Heart,173117,73,0.67,0.684,-7.47,94.261,0.513,0.0242,0.0103,0.126,0.852
3AM,225946,71,0.521,0.673,-8.685,108.031,0.00573,0.0284,0.0,0.12,0.543
Heaven Knows I'm Miserable Now - 2011 Remaster,215760,74,0.609,0.759,-4.862,114.045,0.028,0.0276,0.0,0.183,0.774
You Found Me,241853,74,0.338,0.803,-5.412,151.994,0.0187,0.0413,0.0,0.136,0.4
Remedy,207213,70,0.55,0.952,-4.664,127.804,0.000193,0.0924,0.000666,0.0614,0.391
Rooster (2022 Remaster),374333,70,0.263,0.562,-7.858,146.08,0.0289,0.0273,0.00118,0.12,0.213
Operator (That's Not the Way It Feels),229706,70,0.687,0.533,-8.853,130.398,0.573,0.0314,6.43e-05,0.0844,0.814
Careless Whisper,300106,76,0.575,0.643,-8.854,152.854,0.136,0.0331,1.65e-06,0.249,0.789
Wrong Way,136146,69,0.69,0.681,-5.653,75.034,0.0623,0.0379,0.0,0.137,0.911
Twist And Shout - Remastered 2009,155226,76,0.482,0.849,-9.198,124.631,0.641,0.0452,7.74e-06,0.0414,0.937
We Didn't Start the Fire,287733,74,0.712,0.967,-5.206,145.024,0.0771,0.047,0.0,0.356,0.895
The Pretender,269373,76,0.433,0.959,-4.04,172.984,0.000917,0.0431,0.0,0.028,0.365
Dancing in the Moonlight,232693,79,0.632,0.856,-3.463,119.397,0.0624,0.0348,0.0,0.347,0.867
The Man Who Can't Be Moved,241373,80,0.605,0.629,-5.051,99.894,0.437,0.0279,0.0,0.097,0.308
Eye of the Tiger,243773,77,0.815,0.438,-14.522,108.965,0.216,0.0346,0.000466,0.0787,0.552
Night Moves,324422,70,0.705,0.743,-6.631,118.552,0.432,0.042,0.0133,0.103,0.374
The Only Exception,267653,74,0.452,0.563,-6.607,137.715,0.144,0.0272,0.0,0.143,0.209
Before I Forget,278600,75,0.291,0.974,-2.997,134.724,0.0177,0.171,5.44e-06,0.886,0.348
Start Me Up - Remastered 2009,213066,76,0.631,0.932,-4.142,122.431,0.0429,0.0354,0.137,0.0918,0.971
Nothing Else Matters (Remastered),388733,68,0.547,0.394,-9.793,142.37,0.0522,0.0262,6.4e-06,0.0795,0.17
Jump - 2015 Remaster,241599,76,0.572,0.835,-6.219,129.981,0.171,0.0317,0.000377,0.0702,0.795
Just like Heaven,212000,67,0.43,0.971,-3.845,151.219,0.0271,0.0524,2.16e-05,0.185,0.764
Pour Some Sugar On Me - Remastered 2017,267306,72,0.267,0.953,-4.899,84.989,0.00211,0.096,0.0,0.283,0.568
Mess Is Mine,223640,73,0.596,0.724,-8.256,108.042,0.0477,0.0351,0.0287,0.0995,0.27
Are You Gonna Be My Girl,213800,75,0.606,0.957,-3.404,105.105,0.00117,0.0814,0.000295,0.14,0.603
Where Is My Mind? - 2007 Remaster,234973,76,0.519,0.441,-14.178,81.334,0.0204,0.0353,0.000453,0.076,0.25
Sara Smile,185293,70,0.592,0.398,-10.81,150.038,0.357,0.0678,0.000925,0.119,0.204
Dust in the Wind,206266,79,0.475,0.322,-10.687,93.503,0.367,0.0283,0.00056,0.11,0.387
Bennie And The Jets - Remastered 2014,322548,71,0.665,0.673,-7.95,132.642,0.259,0.0493,7.62e-06,0.497,0.779
Call Me,212226,69,0.553,0.833,-6.667,142.663,0.000646,0.0347,0.00246,0.0737,0.773
Never Too Late,209333,70,0.433,0.778,-4.68,149.864,0.00838,0.0371,0.0,0.163,0.217
Heartache Medication,209109,68,0.62,0.791,-3.343,95.075,0.0361,0.0265,0.0,0.143,0.734
Custer,254466,74,0.407,0.98,-1.58,131.066,0.00174,0.107,0.000112,0.119,0.537
Johnny B. Goode,161560,76,0.534,0.803,-9.129,167.983,0.741,0.0743,6.07e-05,0.307,0.969
Killer Queen - Remastered 2011,179600,68,0.535,0.65,-6.328,117.188,0.379,0.0554,0.0,0.14,0.61
DARE,244999,75,0.76,0.891,-5.852,120.264,0.0229,0.0372,0.0869,0.298,0.966
Loser,235000,69,0.654,0.611,-10.45,85.387,0.0337,0.119,0.000178,0.405,0.786
Jump Around - 30 Years Remaster,218546,74,0.811,0.823,-5.921,106.929,0.0553,0.0423,4.52e-06,0.158,0.827
Don't Speak,263560,77,0.52,0.709,-7.125,76.039,0.247,0.0352,1.78e-05,0.18,0.536
What's Up?,295533,79,0.565,0.564,-10.044,134.358,0.161,0.0292,0.0,0.114,0.454
Mis,200680,68,0.536,0.328,-11.404,61.204,0.804,0.034,0.318,0.165,0.105
High and Dry,257480,75,0.419,0.383,-11.782,87.568,0.0724,0.0256,0.0176,0.0896,0.35
Immigrant Song - Remaster,146250,75,0.564,0.932,-10.068,112.937,0.013,0.0554,0.169,0.349,0.619
American Pie,516893,74,0.529,0.482,-11.709,138.453,0.7,0.0599,0.0,0.0842,0.492
My Sacrifice,294600,73,0.32,0.88,-6.035,146.349,0.000101,0.0504,4.31e-06,0.076,0.257
Sleep On The Floor,211851,72,0.389,0.431,-8.061,142.133,0.249,0.0344,0.0,0.13,0.275
Sex & Candy,173493,69,0.664,0.558,-9.159,80.556,0.238,0.0257,0.0,0.106,0.64
Move Along,238880,67,0.518,0.916,-3.858,109.864,0.000148,0.0454,0.0,0.291,0.646
Rockstar - 2020 Remaster,255493,72,0.621,0.913,-3.352,144.073,0.0477,0.0385,0.0,0.314,0.679
Lying from You,175053,67,0.531,0.952,-3.361,160.125,0.007,0.205,0.0,0.0672,0.76
She's Always a Woman,201373,75,0.292,0.324,-11.996,176.631,0.797,0.0346,0.000473,0.12,0.384
One of These Nights - 2013 Remaster,291685,71,0.655,0.606,-10.385,110.061,0.0603,0.0285,0.0789,0.0757,0.765
American Girl,214733,69,0.552,0.823,-5.988,114.514,0.445,0.0332,0.000129,0.366,0.775
Jigsaw Falling Into Place,248893,75,0.462,0.832,-6.085,165.653,0.108,0.0479,0.00416,0.0741,0.807
Come Together - Remastered 2009,259946,75,0.53,0.376,-11.913,164.775,0.0304,0.04,0.247,0.0926,0.188
Wait and Bleed,147840,74,0.382,0.996,-4.119,93.345,0.00208,0.104,0.0,0.417,0.327
Why,139906,71,0.684,0.856,-2.676,117.027,0.342,0.0411,0.00728,0.109,0.343
Wish You Were Here,334743,73,0.481,0.262,-15.73,122.861,0.735,0.0414,0.0114,0.832,0.375
Mascara,225293,71,0.472,0.446,-7.416,77.562,0.00273,0.0354,0.0606,0.091,0.0456
Fat Lip,178266,72,0.403,0.914,-5.215,196.482,0.000579,0.142,0.0,0.065,0.626
More Than A Woman,197213,76,0.632,0.683,-6.434,105.959,0.163,0.0385,0.00013,0.847,0.701
Fancy Like,161853,70,0.647,0.765,-6.459,79.994,0.111,0.06,0.0,0.315,0.855
Wild World,200560,76,0.48,0.542,-8.51,152.853,0.345,0.0348,0.000609,0.113,0.567
Breaking the Habit,196133,69,0.58,0.865,-4.359,100.016,0.105,0.0313,0.0,0.106,0.587
"Check Yes, Juliet",220146,70,0.352,0.912,-4.253,166.795,0.00197,0.0725,0.0,0.193,0.351
Decode,261959,71,0.28,0.87,-4.219,164.057,0.000686,0.0592,0.00608,0.101,0.284
Master of None,199413,71,0.492,0.344,-15.259,86.485,0.674,0.0259,0.531,0.0933,0.247
Slide,212066,71,0.395,0.843,-4.476,112.423,0.00483,0.0374,0.0,0.0404,0.481
I'm in a Hurry (And Don't Know Why),168813,69,0.748,0.72,-7.774,128.69,0.237,0.0286,0.0,0.069,0.86
Breezeblocks,227080,68,0.615,0.658,-7.299,150.093,0.096,0.0343,0.000911,0.205,0.293
Pretty Boy,234093,73,0.578,0.386,-11.464,154.902,0.208,0.0278,0.0453,0.307,0.569
Psychosocial,284120,75,0.568,0.981,-3.889,135.146,0.00269,0.0887,0.00275,0.0243,0.307
I Don't Want This Night To End,219973,68,0.616,0.728,-4.02,111.934,0.0275,0.0278,0.0,0.228,0.375
Enemy (with JID) - from the series Arcane League of Legends,173381,79,0.728,0.783,-4.424,77.011,0.237,0.266,0.0,0.434,0.555
You Say,274693,72,0.494,0.632,-6.89,147.873,0.682,0.0342,0.0,0.0869,0.0797
Goodbye Yellow Brick Road - Remastered 2014,192826,74,0.559,0.473,-7.712,121.227,0.446,0.0279,0.00141,0.154,0.397
Can I Call You Tonight?,278769,74,0.641,0.842,-7.27,129.978,0.134,0.0292,0.911,0.419,0.499
Any Way You Want It,201693,71,0.529,0.932,-7.501,138.158,0.00251,0.0488,0.00109,0.136,0.571
Feels Like We Only Go Backwards,192960,73,0.303,0.9,-2.352,149.508,0.0277,0.0574,0.635,0.11,0.491
Riot,207586,69,0.185,0.948,-3.892,196.578,0.0104,0.147,0.0,0.105,0.316
Pretty Fly (For A White Guy),188666,75,0.723,0.895,-3.707,143.373,0.088,0.102,0.0,0.0717,0.963
1985,193000,69,0.606,0.887,-4.404,119.974,0.000242,0.0598,0.0,0.337,0.903
Dream A Little Dream Of Me,194426,73,0.413,0.313,-13.138,92.515,0.791,0.0519,1.5e-06,0.0727,0.349
Proud Mary,187213,75,0.699,0.641,-7.564,120.745,0.13,0.0289,0.000218,0.0601,0.728
Toes,262773,69,0.801,0.759,-5.398,129.971,0.657,0.0378,0.0,0.0897,0.821
Rosas,237026,68,0.783,0.693,-5.056,106.991,0.622,0.027,8.3e-06,0.109,0.528
My Songs Know What You Did In The Dark (Light Em Up),186826,74,0.557,0.924,-4.341,151.988,0.0271,0.064,3.32e-06,0.537,0.566
